commit_hash,commit_date,high_confidence,medium_confidence,low_confidence,high_severity,medium_severity,low_severity,cwes,repo
959052fb8d49c4473f6d8a928d745ae7c38c7e95,2025-01-05 09:09:33-08:00,1013,12,0,3,5,1017,259;327;78;79;94;703,flask
5b525e97970b1b9706b4415de79abfe33e5955fc,2025-01-05 09:09:32-08:00,1013,12,0,3,5,1017,259;327;78;79;94;703,flask
60a11a730e8aa2450115385798ab8710804c6409,2025-01-05 09:02:41-08:00,1013,12,0,3,5,1017,259;327;78;79;94;703,flask
6b361ce06b08454329286214072139228e8c2f33,2025-01-05 09:01:49-08:00,1013,12,0,3,5,1017,259;327;78;79;94;703,flask
54c3f87af9f6c0d6622cec2c3d9695b0229fb8fa,2024-11-23 17:50:40-08:00,1013,12,0,3,5,1017,259;327;78;79;94;703,flask
b394a994e6d632643d0061e0e67772f076925951,2024-11-23 16:03:47-08:00,1013,12,0,3,5,1017,259;327;78;79;94;703,flask
dcbe86bd1577bad9a1356acca5fced7d3fb3a0c3,2024-11-23 16:01:16-08:00,1013,12,0,3,5,1017,259;327;78;79;94;703,flask
d22bfcd4cfe3b93daddfce8521f77447ca8d6b84,2024-11-23 15:41:36-08:00,1013,12,0,3,5,1017,259;327;78;79;94;703,flask
4fec712f329ceecd38729af6404a2c32aed83648,2024-11-23 15:33:38-08:00,1013,12,0,3,5,1017,259;327;78;79;94;703,flask
18ffe1eaf6c2eeffc898f4e8a590c062c40b30dc,2024-11-20 19:37:06-08:00,1013,12,0,3,5,1017,259;327;78;79;94;703,flask
ab8149664182b662453a563161aa89013c806dc9,2024-11-13 10:20:07-08:00,1013,12,0,3,5,1017,259;327;78;79;94;703,flask
70602a196a6da90eb0d34cdfe5d4d16a99606279,2024-11-13 09:23:24-08:00,1013,12,0,3,5,1017,259;327;78;79;94;703,flask
6748a09341deeac16acb33996df95a31fae0c545,2024-11-13 08:48:10-08:00,1013,12,0,3,5,1017,259;327;78;79;94;703,flask
f49dbfd3e451006a485e81ebce030495131c4454,2024-11-13 08:22:57-08:00,1013,12,0,3,5,1017,259;327;78;79;94;703,flask
4f7156f2c3271613b34d04040b502b9d7ae35eb9,2024-11-12 21:01:55-08:00,1013,12,0,3,5,1017,259;327;78;79;94;703,flask
4995a775df21a206b529403bc30d71795a994fd4,2024-11-12 08:58:08-08:00,1010,12,0,3,5,1014,259;327;78;79;94;703,flask
470e2b8d17fd0032271b21f1d6775d48c3855a79,2024-11-08 09:48:59-08:00,1007,12,0,3,5,1011,259;327;78;79;94;703,flask
e13373f838ab34027c5a80e16a6cb8262d41eab7,2024-11-08 08:09:01-08:00,1007,12,0,3,5,1011,259;327;78;79;94;703,flask
2c3160304278d323da8485057770926d1b582579,2024-11-07 11:54:29-08:00,1004,11,0,3,5,1007,259;327;78;79;94;703,flask
6c44dd4bb8e4f2ca5f135f172de4725b2cada155,2024-11-06 09:47:57-08:00,989,11,0,3,5,992,259;327;78;79;94;703,flask
98ae71897600a3162f529b1b30c70b8abdf0961b,2024-11-01 18:06:34-07:00,989,11,0,3,5,992,259;327;78;79;94;703,flask
a9b99b3489cc24b5bed99fbadbd91f598a5a1420,2024-11-01 18:00:39-07:00,989,11,0,3,5,992,259;327;78;79;94;703,flask
8aa161a43731795841fa2678d3dff0559cee527e,2024-11-01 17:18:52-07:00,989,11,0,3,5,992,259;327;78;79;94;703,flask
df201ed152b61c439ea1ace179f35b424594ba6c,2024-11-01 16:44:17-07:00,989,11,0,3,5,992,259;327;78;79;94;703,flask
9efc1ebeeb431769897798cdf8de2c67dcbbc9c0,2024-11-01 16:24:15-07:00,1004,11,0,3,5,1007,259;327;78;79;94;703,flask
c7a53888a1a514619b0611fd8b7928592f4ed612,2024-11-01 13:17:53-07:00,1002,11,0,3,5,1005,259;327;78;79;94;703,flask
8f37c82f6144fffc2ed30e49ee81a54702a0f317,2024-10-31 13:11:06-07:00,990,11,0,3,5,993,259;327;78;79;94;703,flask
39e7208366bcf549fd7a2678a6d815dfe39196c5,2024-10-31 13:08:52-07:00,990,11,0,3,5,993,259;327;78;79;94;703,flask
227838c4727ba780e6fb4a7c372ae62357cac4c6,2024-10-31 13:08:52-07:00,990,11,0,3,5,993,259;327;78;79;94;703,flask
1d610e44b396d11113bb6a5d168cc5e996a6dfb9,2024-10-31 12:30:53-07:00,990,11,0,3,5,993,259;327;78;79;94;703,flask
9e831e915fa875423af0c0de8f53a3780055919e,2024-10-24 14:46:34-07:00,990,11,0,3,5,993,259;327;78;79;94;703,flask
5e8cb740187c0561b36323dfc8510e58c3066838,2024-10-24 13:29:34-07:00,990,11,0,3,5,993,259;327;78;79;94;703,flask
96800fb673cb7b2d75476096798e701e3e6d26bc,2024-10-24 13:28:46-07:00,989,11,0,3,5,992,259;327;78;79;94;703,flask
8f2bc008ad724a52f3669ecb2de59c98deb69ce1,2024-10-24 13:27:52-07:00,989,11,0,3,5,992,259;327;78;79;94;703,flask
74721b48f0347f19f134f386fab3421e5132fb53,2024-10-22 17:32:02-03:00,989,11,0,3,5,992,259;327;78;79;94;703,flask
52ccd66735ba1f6e67d06e747d6a641980b788a3,2024-10-18 13:19:51-07:00,989,11,0,3,5,992,259;327;78;79;94;703,flask
dffe3034825edc4f84aded013fc9c6590e545ed5,2024-10-18 13:04:35-07:00,990,11,0,3,5,993,259;327;78;79;94;703,flask
c5a5576522273ff028018c4e13d1fc4d0260495b,2024-10-18 10:03:49-07:00,990,11,0,3,5,993,259;327;78;79;94;703,flask
b337d210583a3f5f84d0f70b56ae9a82b029dab5,2024-10-18 10:02:35-07:00,989,11,0,3,5,992,259;327;78;79;94;703,flask
e63ead4208c1e56723532878728ef9c2eb197b01,2024-09-24 08:54:01+08:00,989,11,0,3,5,992,259;327;78;79;94;703,flask
2fec0b206c6e83ea813ab26597e15c96fab08be7,2024-09-01 09:04:14-07:00,990,11,0,3,5,993,259;327;78;79;94;703,flask
111e5bd3129deee54ff62b0d13ed7e5739c27108,2024-09-01 08:48:02-07:00,990,11,0,3,5,993,259;327;78;79;94;703,flask
db49548d7168bba319fdba400bc201528cb1d3cd,2024-09-01 08:32:27-07:00,990,11,0,3,5,993,259;327;78;79;94;703,flask
f93dd6e826a9bf00bf9e08d9bb3a03abcb1e974c,2024-08-23 18:05:21-07:00,990,11,0,3,5,993,259;327;78;79;94;703,flask
c77b099cbb979269d45df06753cadd8abc662e23,2024-08-23 17:18:38-07:00,989,11,0,3,5,992,259;327;78;79;94;703,flask
40b78fa2ea9095197608287de9f0d902d2763b00,2024-08-23 16:41:39-07:00,989,11,0,3,5,992,259;327;78;79;94;703,flask
2c5d652493b79eecadd4407f24f2249948bd6ff2,2024-08-23 16:33:59-07:00,989,11,0,3,5,992,259;327;78;79;94;703,flask
176fdfa0002360670f698d3828cfff11f97349f0,2024-08-23 16:33:52-07:00,989,11,0,3,5,992,259;327;78;79;94;703,flask
2d31dce8262a68875c177645fa0c7585a45ac447,2024-08-23 16:33:40-07:00,989,11,0,3,5,992,259;327;78;79;94;703,flask
29a94bd102805eafcea94a185808cd878cd3f5ad,2024-08-23 16:33:27-07:00,989,11,0,3,5,992,259;327;78;79;94;703,flask
0f2ae2b9330604247f553f41d310e7c0191275ef,2024-08-23 16:33:00-07:00,989,11,0,3,5,992,259;327;78;79;94;703,flask
326ad3f43c63f84a69d6d08af276cbdf653efc51,2024-08-05 23:09:19+00:00,990,11,0,3,5,993,259;327;78;79;94;703,flask
4fe0aebab79a092615f5f86a24b91bac07fb2ef2,2024-08-01 15:48:34+00:00,990,11,0,3,5,993,259;327;78;79;94;703,flask
28d5a4d71824ff5823ae310e3fd014b48b33d583,2024-07-10 19:14:06-07:00,990,11,0,3,5,993,259;327;78;79;94;703,flask
321bd74b954156553db3dca8f43b45cdd5a88f76,2024-07-10 18:06:15-07:00,989,11,0,3,5,992,259;327;78;79;94;703,flask
3d357273b50ed9c8ca660f60fde255c26ff7a228,2024-07-02 00:15:33+00:00,989,11,0,3,5,992,259;327;78;79;94;703,flask
7621b3d96ac2d53846c4df211bc05c5e13420028,2024-07-01 15:56:20+00:00,989,11,0,3,5,992,259;327;78;79;94;703,flask
e165f3aef4dbede5d7e3f71c336c89a268753ae9,2024-07-01 15:28:16+00:00,989,11,0,3,5,992,259;327;78;79;94;703,flask
d718ecf6d3dfc4656d262154c59672437c1ea075,2024-06-07 19:04:18+00:00,989,11,0,3,5,992,259;327;78;79;94;703,flask
07c8f19bfd6128c7cbb9c61c41b43a9eeca1b435,2024-06-03 22:10:27+00:00,989,11,0,3,5,992,259;327;78;79;94;703,flask
e3535f99717bdf3882c0b48bff3e3eb244454e34,2024-06-01 15:55:45+00:00,989,11,0,3,5,992,259;327;78;79;94;703,flask
f567ab90681235f38bdeaeda004d89e85b8627d9,2024-06-01 15:12:17+00:00,989,11,0,3,5,992,259;327;78;79;94;703,flask
c7da8c2aa3a923fc620ad480a8831a8a0f21ab37,2024-05-25 11:28:19-07:00,989,11,0,3,5,992,259;327;78;79;94;703,flask
767ad19b10c64af1fa328383713ea97e23cc0080,2024-05-25 11:25:24-07:00,989,11,0,3,5,992,259;327;78;79;94;703,flask
4a1766c252bac0de1368cc4eaefba1299f77d546,2024-05-25 10:23:44-07:00,989,11,0,3,5,992,259;327;78;79;94;703,flask
9101439d7b7e21d5cf8a4a2a3dc92b9980539c6b,2024-05-11 08:37:47-07:00,989,11,0,3,5,992,259;327;78;79;94;703,flask
4e894892bc0230c46e998b6ea82b5b07b9943a39,2024-05-06 22:05:35+00:00,989,11,0,3,5,992,259;327;78;79;94;703,flask
860a25c390eba8e6c089a818b02800dd9d789864,2024-05-06 10:23:10-07:00,989,11,0,3,5,992,259;327;78;79;94;703,flask
273123f6b8fc0d871553f707e515816777c60e24,2024-05-06 17:19:27+00:00,989,11,0,3,5,992,259;327;78;79;94;703,flask
a936b0c610ba86f542eb3855de2be674a7b9310b,2024-05-06 17:16:26+00:00,989,11,0,3,5,992,259;327;78;79;94;703,flask
eb1182a10e757b5e76009c69fdf3a88a5afc6840,2024-05-06 10:12:32-07:00,989,11,0,3,5,992,259;327;78;79;94;703,flask
a363642a32880114c7944b1017f2f69bd4cc00eb,2024-05-06 10:09:58-07:00,989,11,0,3,5,992,259;327;78;79;94;703,flask
823e279e0dd40d8818a8d58c12a7df22caae1c04,2024-05-02 17:57:34+10:00,989,11,0,3,5,992,259;327;78;79;94;703,flask
224c639bf9f37b99bc66a879fbbc516f59857967,2024-04-23 23:52:58+00:00,989,11,0,3,5,992,259;327;78;79;94;703,flask
b7278186c4e16c58a4dbd439eedf716146c19f53,2024-04-23 23:50:43+00:00,989,11,0,3,5,992,259;327;78;79;94;703,flask
ccf125bf30102beedafb3ecef72376bfb6c90a4d,2024-04-23 16:49:42-07:00,989,11,0,3,5,992,259;327;78;79;94;703,flask
db0fe9436e9da7f7bd14683542bbf33ba3c6d5e4,2024-04-23 16:31:03-07:00,989,11,0,3,5,992,259;327;78;79;94;703,flask
f958b6500b2aeb8edc578a07f00546becdad4c80,2024-04-08 15:28:57-07:00,989,11,0,3,5,992,259;327;78;79;94;703,flask
346d1abaff0270104ffa3a0e8bee7de279a1cee7,2024-04-08 15:28:28-07:00,989,11,0,3,5,992,259;327;78;79;94;703,flask
19610a9e46e0989054ecd0f6be2fcb981013d8eb,2024-04-07 12:29:49-07:00,989,11,0,3,5,992,259;327;78;79;94;703,flask
c12a5d874c5a014495eb2db8a73f40037bc813ac,2024-04-07 12:17:41-07:00,989,11,0,3,5,992,259;327;78;79;94;703,flask
5fdce4c331ac530280cc941179d364a07f4a1088,2024-04-07 12:13:02-07:00,989,11,0,3,5,992,259;327;78;79;94;703,flask
adb7dd99c295a28726c8d818fba54c7b3f958ecc,2024-04-07 12:03:19-07:00,989,11,0,3,5,992,259;327;78;79;94;703,flask
db461112c70d5f2bf93c7a6ac27eeb665c232dd0,2024-04-07 11:41:13-07:00,989,11,0,3,5,992,259;327;78;79;94;703,flask
7320e311a0a3f190351173f8be90cab31dadbf73,2024-04-07 11:22:02-07:00,988,11,0,2,5,992,259;78;79;94;703,flask
be508c618411d72281672980abb19b2150581943,2024-04-07 18:04:59+00:00,988,11,0,2,5,992,259;78;79;94;703,flask
87d5f5b9a9697434e6d972b021201105eabb54e6,2024-04-07 10:24:40-07:00,988,11,0,2,5,992,259;78;79;94;703,flask
0e59442f6cce9442c1dcaf8515df7182312fa6cd,2024-02-27 01:24:27+01:00,988,11,0,2,5,992,259;78;79;94;703,flask
ad36383951c130f16e02b5f61b1161da99bc1ca4,2024-02-05 20:28:43+00:00,988,11,0,2,5,992,259;78;79;94;703,flask
d2030595dcdc8ca5701504f00255360fb12a3a2b,2024-02-03 12:54:41-08:00,988,11,0,2,5,992,259;78;79;94;703,flask
1af8f95785b85d0937153ee63d504c0b51934d80,2024-02-03 12:36:06-08:00,988,11,0,2,5,992,259;78;79;94;703,flask
ecc057dd4857e655f0844b781899a917852042a4,2024-02-03 12:14:38-08:00,987,11,0,2,5,991,259;78;79;94;703,flask
3207af8827d4162ef5841249c46fbb9da043c551,2024-02-03 09:41:38-08:00,987,11,0,2,5,991,259;78;79;94;703,flask
484a7cc9a7ba2540ab2af5141196f5ab5809df33,2024-02-01 15:41:57+00:00,987,11,0,2,5,991,259;78;79;94;703,flask
a4bada52d0c5442011665eb1ad4bdb61c06d28fe,2024-02-01 15:31:35+00:00,987,11,0,2,5,991,259;78;79;94;703,flask
f622b1cadea2bed4ea4cc476695e9c181ec5da11,2024-01-18 11:57:33-08:00,987,11,0,2,5,991,259;78;79;94;703,flask
5fcc999b7df0f5cc71cfd9b74ea494b96486f84f,2024-01-18 11:57:22-08:00,987,11,0,2,5,991,259;78;79;94;703,flask
da3a0ddfe2de5be718a2d7cb3021f350bf04c402,2024-01-18 11:53:19-08:00,987,11,0,2,5,991,259;78;79;94;703,flask
5e059be1b327f2f2f64115d2897c5864eff69b7d,2024-01-18 11:41:38-08:00,987,11,0,2,5,991,259;78;79;94;703,flask
81b3c85f51834a06bc8fbecf350bc20d756d8026,2024-01-18 09:15:01-08:00,987,11,0,2,5,991,259;78;79;94;703,flask
139f3e52d9a69fa2fc1de7aa89859d404b8baeb2,2025-02-26 13:03:29+02:00,706,26,0,1,21,710,259;330;78;20;22;605;94;703,opentelemetry-python-contrib
b76119bb8f4be539a1972baa811102e579b1b0e7,2025-02-24 13:07:27-05:00,706,26,0,1,21,710,259;330;78;20;22;605;94;703,opentelemetry-python-contrib
c4eb3714c5001ed1a40e7e7d6fc7cf398c8f84d8,2025-02-24 12:17:07-05:00,706,26,0,1,21,710,259;330;78;20;22;605;94;703,opentelemetry-python-contrib
dc01beda66e3a4a25d43a16d81253b184310e3eb,2025-02-24 15:48:36+00:00,706,26,0,1,21,710,259;330;78;20;22;605;94;703,opentelemetry-python-contrib
38006e86c41242c19f164bf662a43b4206dbb180,2025-02-24 11:15:13+00:00,706,26,0,1,21,710,259;330;78;20;22;605;94;703,opentelemetry-python-contrib
b1f714ee0f6c0af82cdd0ca04d8d9d169fdda574,2025-02-24 10:34:00+00:00,706,26,0,1,21,710,259;330;78;20;22;605;94;703,opentelemetry-python-contrib
3c2599c761508304adb959c06454b7897e3c83e6,2025-02-24 11:16:57+01:00,705,26,0,1,21,709,259;330;78;20;22;605;94;703,opentelemetry-python-contrib
f8bb30ef676510370b655274d077dd84a4d0cd7d,2025-02-21 17:12:14-03:00,705,26,0,1,21,709,259;330;78;20;22;605;94;703,opentelemetry-python-contrib
72490eafcd420effce33d524f2dbcea7f91f1094,2025-02-21 16:26:46+00:00,705,26,0,1,21,709,259;330;78;20;22;605;94;703,opentelemetry-python-contrib
638c57f7a4de06237e2b539331bb8c880b87c3e0,2025-02-21 10:07:12-05:00,705,26,0,1,21,709,259;330;78;20;22;605;94;703,opentelemetry-python-contrib
e4a5b541357d4bf291ac73f16fb2a8e31e8f2bda,2025-02-21 09:55:10+00:00,705,26,0,1,21,709,259;330;78;20;22;605;94;703,opentelemetry-python-contrib
b5a0ee526ce23e5dc9abd36ca2d08c1d2546c191,2025-02-21 09:04:15+00:00,705,26,0,1,21,709,259;330;78;20;22;605;94;703,opentelemetry-python-contrib
17a57bf6d35e96ca539a987c3790be5cf46491a3,2025-02-21 08:46:28+00:00,705,26,0,1,21,709,259;330;78;20;22;605;94;703,opentelemetry-python-contrib
2f5b0bf1fc2b8b9f6a8323cbb4bd68f31d08eefc,2025-02-20 23:32:19+00:00,705,26,0,1,21,709,259;330;78;20;22;605;94;703,opentelemetry-python-contrib
6245fb833ccd54cfaf7780de1ebdebf57e6b425c,2025-02-20 17:04:31-05:00,664,26,0,1,21,668,259;330;78;20;22;605;94;703,opentelemetry-python-contrib
8644630e7f44e6211748f46fe4e4a6ed4bbba05e,2025-02-20 15:33:00+01:00,664,26,0,1,21,668,259;330;78;20;22;605;94;703,opentelemetry-python-contrib
52bbcd600189352db4e2ac82405804cb7ef7b542,2025-02-20 10:21:51+01:00,664,26,0,1,21,668,259;330;78;20;22;605;94;703,opentelemetry-python-contrib
8e3cd65f2894162eced325c09f6b943f569c4128,2025-02-19 15:45:40+00:00,664,26,0,1,21,668,259;330;78;20;22;605;94;703,opentelemetry-python-contrib
0cb9ba55e882f0b7c0d4374d5c21906f3d36b3fa,2025-02-19 16:25:07+01:00,664,26,0,1,21,668,259;330;78;20;22;605;94;703,opentelemetry-python-contrib
96f4a039c5c577f38c4cb469f3b80667475fdacd,2025-02-17 11:22:15+00:00,664,26,0,1,21,668,259;330;78;20;22;605;94;703,opentelemetry-python-contrib
789bf866e3cb2bbcb92320a0d3141b262a679a8c,2025-02-14 10:17:08+00:00,664,26,0,1,21,668,259;330;78;20;22;605;94;703,opentelemetry-python-contrib
1623dc0e714c2da95b7694f292c26656446332c2,2025-02-14 08:59:21+00:00,651,26,0,1,21,655,259;330;78;20;22;605;94;703,opentelemetry-python-contrib
63e43d5222f6f7fe4c819c9985551f96c232c1b6,2025-02-13 09:38:12+00:00,651,26,0,1,21,655,259;330;78;20;22;605;94;703,opentelemetry-python-contrib
95873604ab67abd97c61ba89b92ab36f29253820,2025-02-13 10:08:24+01:00,651,26,0,1,21,655,259;330;78;20;22;605;94;703,opentelemetry-python-contrib
34368612f4069e70f8065ce897dd3737f052b2c2,2025-02-12 14:54:01+01:00,637,26,0,1,21,641,259;330;78;20;22;605;94;703,opentelemetry-python-contrib
bf3c0be5072741f21cc7ff73f15e2a98ffde444e,2025-02-12 12:28:50+01:00,637,26,0,1,21,641,259;330;78;20;22;605;94;703,opentelemetry-python-contrib
42e8b0a4512494d5aab3f6f1030cb0c3a93bac5d,2025-02-11 21:32:27+00:00,637,26,0,1,21,641,259;330;78;20;22;605;94;703,opentelemetry-python-contrib
6e61ff0c32e3c3503483165b3ecd6b4c40827010,2025-02-10 15:36:23-05:00,637,26,0,1,21,641,259;330;78;20;22;605;94;703,opentelemetry-python-contrib
231d26c4be69a1a7467395e56afd33365a6fbd0e,2025-02-10 09:09:52-08:00,637,26,0,1,21,641,259;330;78;20;22;605;94;703,opentelemetry-python-contrib
c0bc2c9797bcf8628bafe4121709dfd50281badb,2025-02-07 23:05:07+00:00,635,26,0,1,21,639,259;330;78;20;22;605;94;703,opentelemetry-python-contrib
64f28ca27944d7c442800015f7c18645330f7f66,2025-02-07 11:29:28-05:00,625,26,0,1,21,629,259;330;78;20;22;605;94;703,opentelemetry-python-contrib
d7bc137c608fea46f63f8ac2b798d1c325466dce,2025-02-07 11:10:00+00:00,625,26,0,1,21,629,259;330;78;20;22;605;94;703,opentelemetry-python-contrib
cca571ab72e141a69462ebd9d9b5e63c4c2e2e11,2025-02-06 13:28:02+00:00,625,26,0,1,21,629,259;330;78;20;22;605;94;703,opentelemetry-python-contrib
6b3a11beb29074a24289a551411b17c30d51dbd6,2025-02-06 10:06:05+01:00,609,26,0,1,21,613,259;330;78;20;22;605;94;703,opentelemetry-python-contrib
9d8a6c6420b347c0e401dca6e6e46caf00baf45b,2025-02-04 13:24:34-08:00,608,27,0,1,20,614,259;330;78;20;22;605;94;703,opentelemetry-python-contrib
85e21a9e22b3d7a2f41b882e7e2abcf617f4427a,2025-02-04 12:55:11-08:00,608,27,0,1,20,614,259;330;78;20;22;605;94;703,opentelemetry-python-contrib
d18c5fe19ce31f4cfa4f557ed6caa525065a43ed,2025-02-03 13:01:37-08:00,608,27,0,1,20,614,259;330;78;20;22;605;94;703,opentelemetry-python-contrib
65a2713d9f341edc1376cd275549918807f334a1,2025-01-30 09:43:17-08:00,608,27,0,1,20,614,259;330;78;20;22;605;94;703,opentelemetry-python-contrib
748c92592d2f476199667629defce4a3bca9ecc9,2025-01-29 22:24:39+00:00,608,27,0,1,20,614,259;330;78;20;22;605;94;703,opentelemetry-python-contrib
7af1918b89c57b807bd9828615098b56295cc3f2,2025-01-28 20:22:56+00:00,584,27,0,1,20,590,259;330;78;20;22;605;94;703,opentelemetry-python-contrib
44754e2a505e13a3382ae1640cf7541bbcb74e43,2025-01-28 19:55:40+00:00,584,27,0,1,20,590,259;330;78;20;22;605;94;703,opentelemetry-python-contrib
731054f736461519b03c94ec850e8d141dfcb517,2025-01-28 16:46:13+00:00,580,27,0,1,20,586,259;330;78;20;22;605;94;703,opentelemetry-python-contrib
dd682419074bfd7b054a40e346e95056bee7801c,2025-01-28 14:05:19+00:00,578,27,0,1,20,584,259;330;78;20;22;605;94;703,opentelemetry-python-contrib
eabab7d0ad2b5f9c2df71a1561d82bfb8ac44094,2025-01-28 14:31:11+01:00,578,27,0,1,20,584,259;330;78;20;22;605;94;703,opentelemetry-python-contrib
93e6fcfa26e8ab15d428830b91803a94b2e718b3,2025-01-28 09:55:28+01:00,578,27,0,1,20,584,259;330;78;20;22;605;94;703,opentelemetry-python-contrib
5478a0b77a1df4c74d72e6c080afa52f99e0bee8,2025-01-27 16:12:21+01:00,567,27,0,1,20,573,259;330;78;20;22;605;94;703,opentelemetry-python-contrib
0bb1c42a78733765852da4d3e4eb9dda77f972c6,2025-01-27 10:01:07+01:00,567,26,0,1,20,572,259;330;78;20;22;605;94;703,opentelemetry-python-contrib
2756c1edff42db2984296e0c5dbe668e8de85aa8,2025-01-23 17:14:49+01:00,562,26,0,1,20,567,259;330;78;20;22;605;94;703,opentelemetry-python-contrib
ec3c51dcd18fa747c567708d8aead21cd9081dca,2025-01-22 13:32:34-05:00,558,26,0,1,21,562,259;330;78;20;22;605;94;703,opentelemetry-python-contrib
3f50c08580f97519d7053bc399605edf8de9a6dd,2025-01-21 15:41:56-05:00,543,26,0,1,21,547,259;330;78;20;22;605;94;703,opentelemetry-python-contrib
37f85bf8cc235b807557c8a1aff9fa3b52b3d111,2025-01-21 13:57:53+00:00,543,26,0,1,21,547,259;330;78;20;22;605;94;703,opentelemetry-python-contrib
20413ef7d72a3064492a9374e5164214949e60b9,2025-01-21 09:10:48+01:00,543,26,0,1,21,547,259;330;78;20;22;605;94;703,opentelemetry-python-contrib
9460773e5cda6423676b8760021ed96836540f0d,2025-01-20 09:56:09+01:00,543,26,0,1,21,547,259;330;78;20;22;605;94;703,opentelemetry-python-contrib
86a7f6bab3d394f5e9ea5c458b657373583fde21,2025-01-17 20:12:12-08:00,532,24,0,1,20,535,259;330;78;20;22;605;94;703,opentelemetry-python-contrib
9b217bb4ffe4b96aa0bdd3468579507461ffb183,2025-01-17 17:33:52+01:00,532,24,0,1,20,535,259;330;78;20;22;605;94;703,opentelemetry-python-contrib
9d9353d4c6e9d1230a6364914eede3720f58772e,2025-01-16 14:25:35-05:00,532,24,0,1,20,535,259;330;78;20;22;605;94;703,opentelemetry-python-contrib
a716949d1c28341b2fb9af75f43b541ddeac9335,2025-01-15 14:24:35-08:00,532,24,0,1,20,535,259;330;78;20;22;605;94;703,opentelemetry-python-contrib
07c97eac380d2f86f09a95851fb6c38182537d05,2025-01-15 16:30:01+00:00,491,24,0,1,20,494,259;330;78;20;22;605;94;703,opentelemetry-python-contrib
52871b82b6afc3545609d3740620a6c4d4edf7ab,2025-01-14 09:27:35-08:00,491,24,0,1,20,494,259;330;78;20;22;605;94;703,opentelemetry-python-contrib
e54256ddb7d5ef5b40ffff0f594d1f77a6c757ce,2025-01-14 16:28:11+00:00,491,24,0,1,20,494,259;330;78;20;22;605;94;703,opentelemetry-python-contrib
c59b514cdadfe062c69f8e055d7c1aa4b56dc92e,2025-01-13 15:42:32-08:00,491,24,0,1,20,494,259;330;78;20;22;605;94;703,opentelemetry-python-contrib
5219242eafa5dff08fb2ff855860d6772a43364b,2025-01-13 13:32:16-08:00,491,24,0,1,20,494,259;330;78;20;22;605;94;703,opentelemetry-python-contrib
b7e7d0cbe58e5e525c330b4d3a38e831da588f8e,2025-01-13 11:49:22-08:00,491,24,0,1,20,494,259;330;78;20;22;605;94;703,opentelemetry-python-contrib
406707b2bd322b6fe5819a6123b0deee1c6f21d1,2025-01-13 09:20:33-08:00,491,24,0,1,20,494,259;330;78;20;22;605;94;703,opentelemetry-python-contrib
8406e2e7894bd3832b33fd78124e4bc0b871f790,2025-01-13 10:40:43+01:00,491,24,0,1,20,494,259;330;78;20;22;605;94;703,opentelemetry-python-contrib
29ef6a945550c09a83003577f4d8037b22322038,2025-01-10 10:03:09-08:00,491,24,0,1,20,494,259;330;78;20;22;605;94;703,opentelemetry-python-contrib
3ebdb6344b81cccc933df7f979d0c9b92e18964a,2025-01-10 09:20:28-08:00,491,24,0,1,20,494,259;330;78;20;22;605;94;703,opentelemetry-python-contrib
a606fab84901b9e2c1feab6167f36260c60dca6d,2025-01-10 09:00:10-08:00,491,24,0,1,20,494,259;330;78;20;22;605;94;703,opentelemetry-python-contrib
0ad779a5b3d817111fc65099d1b849995365f4ee,2025-01-09 17:42:12-08:00,491,24,0,1,20,494,259;330;78;20;22;605;94;703,opentelemetry-python-contrib
962a3aecdb3cd99bc0590303106be27c098a71f8,2025-01-09 14:51:23-08:00,491,24,0,1,20,494,259;330;78;20;22;605;94;703,opentelemetry-python-contrib
41e670aeee5c34c5104fa80aeb97a81976d19a5c,2025-01-09 13:58:53-08:00,491,24,0,1,20,494,259;330;78;20;22;605;94;703,opentelemetry-python-contrib
9af3136e7fe21af88499621512cb22a77ee9b489,2025-01-09 13:21:19-08:00,491,24,0,1,20,494,259;330;78;20;22;605;94;703,opentelemetry-python-contrib
cf6d45e96cd1ea55fca2ff43dc37f0d5c8c878fc,2025-01-09 13:08:46-08:00,491,24,0,1,20,494,259;330;78;20;22;605;94;703,opentelemetry-python-contrib
26bcc9347b76eb21f33e0491e4c152d61cbd2390,2025-01-09 12:56:14-08:00,491,24,0,1,20,494,259;330;78;20;22;605;94;703,opentelemetry-python-contrib
908437db5df522697f5504d44fc3d1fec56830be,2025-01-09 11:29:31+01:00,491,24,0,1,20,494,259;330;78;20;22;605;94;703,opentelemetry-python-contrib
147e3f754e9cc94c16371cc177d7f968c3e60693,2025-01-08 10:02:55+01:00,491,24,0,1,20,494,259;330;78;20;22;605;94;703,opentelemetry-python-contrib
3d5935f4f65f5ead41403d5b172f651ca0e533b3,2025-01-02 12:18:07-08:00,491,24,0,1,20,494,259;330;78;20;22;605;94;703,opentelemetry-python-contrib
95f14cd8df05b87b564024d47d14f29211f3b98e,2025-01-02 11:58:17-08:00,491,24,0,1,20,494,259;330;78;20;22;605;94;703,opentelemetry-python-contrib
e5eb524e8985a853518507320913ea1defba99aa,2025-01-02 11:44:58-08:00,491,24,0,1,20,494,259;330;78;20;22;605;94;703,opentelemetry-python-contrib
3e394a4814527d6cd37aade3ac3b9dc4d2349e14,2025-01-02 11:30:41-08:00,491,24,0,1,20,494,259;330;78;20;22;605;94;703,opentelemetry-python-contrib
16c041e22bc7caf8b139d7aee00b0b0719ab4d2c,2025-01-02 11:15:01-08:00,491,24,0,1,20,494,259;330;78;20;22;605;94;703,opentelemetry-python-contrib
54882871b902ba4db422dba18d774d025f866137,2024-12-31 16:08:20+00:00,491,24,0,1,20,494,259;330;78;20;22;605;94;703,opentelemetry-python-contrib
c084ca8fa5de7fe7e628e31c254d4b4826804d41,2024-12-31 16:31:33+01:00,491,24,0,1,20,494,259;330;78;20;22;605;94;703,opentelemetry-python-contrib
8db1479e0d2e8c7d1b122859e891fbaf1757d449,2024-12-30 13:13:07+00:00,491,24,0,1,20,494,259;330;78;20;22;605;94;703,opentelemetry-python-contrib
72dc1cf1f6c611aabd0f2aed977c54bfc6272dc9,2024-12-30 09:26:54+01:00,491,24,0,1,20,494,259;330;78;20;22;605;94;703,opentelemetry-python-contrib
16eaec8d03897c257dfe447545d7bdbe111734ce,2024-12-24 16:14:05+01:00,491,24,0,1,20,494,259;330;78;20;22;605;94;703,opentelemetry-python-contrib
d116ae39d6a9e66d55c7c245d980be86e1f499ec,2024-12-24 15:59:31+01:00,491,24,0,1,20,494,259;330;78;20;22;605;94;703,opentelemetry-python-contrib
396aad9c24adc4a6501e9b51e48aaa5e96c72096,2024-12-24 13:55:33+00:00,491,24,0,1,20,494,259;330;78;20;22;605;94;703,opentelemetry-python-contrib
375eb6f2ccaee58d3109db4f543e66b3ce48986f,2024-12-24 13:47:18+00:00,491,24,0,1,20,494,259;330;78;20;22;605;94;703,opentelemetry-python-contrib
5fd648eac49350f4522df36c940b2d8f50c691c3,2024-12-23 19:29:50+00:00,491,24,0,1,20,494,259;330;78;20;22;605;94;703,opentelemetry-python-contrib
b03bf0037fa557852b6b63bc5e542ad2af743472,2024-12-23 17:47:09+00:00,491,24,0,1,20,494,259;330;78;20;22;605;94;703,opentelemetry-python-contrib
2176e3e43e6b01933c2cc3819a0dfddb94f334b7,2024-12-23 17:34:48+00:00,491,24,0,1,20,494,259;330;78;20;22;605;94;703,opentelemetry-python-contrib
59894979ef6dc7c57850d334a0dde61efdd616d1,2024-12-23 14:02:02+00:00,491,24,0,1,20,494,259;330;78;20;22;605;94;703,opentelemetry-python-contrib
77708cd7dd199f2cf795382adfa16b8b78753676,2024-12-23 13:36:12+01:00,491,24,0,1,20,494,259;330;78;20;22;605;94;703,opentelemetry-python-contrib
73ecf39517c4e1f6e62cfc0e6c8957e0765f2ec2,2024-12-23 10:09:27+00:00,491,24,0,1,20,494,259;330;78;20;22;605;94;703,opentelemetry-python-contrib
7eead8f1aec5d3e5086aeaa2782968fc8e74cf40,2024-12-23 09:43:09+00:00,491,24,0,1,20,494,259;330;78;20;22;605;94;703,opentelemetry-python-contrib
72576f65e0d77620c5696824146c0280a8ec1e4f,2024-12-21 23:45:53+00:00,491,24,0,1,20,494,259;330;78;20;22;605;94;703,opentelemetry-python-contrib
1092344918675819203972473423ccaf6df5f544,2024-12-20 12:24:46-08:00,489,24,0,1,19,493,259;330;78;20;22;605;94;703,opentelemetry-python-contrib
54cbf59aaef7cc2ebe52521eb56c19dd23af7c61,2024-12-19 10:15:58+00:00,489,24,0,1,19,493,259;330;78;20;22;605;94;703,opentelemetry-python-contrib
1ddba1b5189bf546f48ef8af6139c473a8f32002,2024-12-18 18:05:29+01:00,489,24,0,1,19,493,259;330;78;20;22;605;94;703,opentelemetry-python-contrib
5a1cae3a5675c5733daf5949759476d65aa0e636,2025-02-25 15:22:08+01:00,576,494,31,14,529,558,259;838;327;377;330;78;79;80;400;20;502;22;89;732;605;703,django
240421c7c4c81fe5df26274b807266bd4ca73d7f,2025-02-24 16:25:53+01:00,576,494,31,14,529,558,259;838;327;377;330;78;79;80;400;20;502;22;89;732;605;703,django
582ba18d56167587e290545f113d3956e73a5801,2025-02-24 08:51:08+01:00,576,494,31,14,529,558,259;838;327;377;330;78;79;80;400;20;502;22;89;732;605;703,django
59353360590202fab04067e23214a825157c524b,2025-02-24 08:51:08+01:00,576,494,31,14,529,558,259;838;327;377;330;78;79;80;400;20;502;22;89;732;605;703,django
cecb76a942e4c9df518df098b1e62778cfe20f06,2025-02-24 08:51:08+01:00,576,494,31,14,529,558,259;838;327;377;330;78;79;80;400;20;502;22;89;732;605;703,django
51cab4ad51616f8fdb050631be5c710b93685ec3,2025-02-23 16:20:57+01:00,576,494,31,14,529,558,259;838;327;377;330;78;79;80;400;20;502;22;89;732;605;703,django
f7017db92cee1536c014710f475a613792c1e4b5,2025-02-22 18:14:37+01:00,576,494,31,14,529,558,259;838;327;377;330;78;79;80;400;20;502;22;89;732;605;703,django
87c5de3b7f2316aa17353d74f54e6ff19013d049,2025-02-20 16:12:28+01:00,576,494,31,14,529,558,259;838;327;377;330;78;79;80;400;20;502;22;89;732;605;703,django
43766c70bd2939771b7f37104866316faa34606b,2025-02-20 14:41:00+01:00,576,494,31,14,529,558,259;838;327;377;330;78;79;80;400;20;502;22;89;732;605;703,django
7500044a825b3e6695f4f0f9e56d5bdc0c5d7988,2025-02-20 08:14:18+01:00,576,494,31,14,529,558,259;838;327;377;330;78;79;80;400;20;502;22;89;732;605;703,django
65c46d6932c0956d2988d13ec3d9ab3ef9d96d61,2025-02-19 20:27:30+01:00,576,494,31,14,529,558,259;838;327;377;330;78;79;80;400;20;502;22;89;732;605;703,django
86493307f97b9795a74227b6af2d59a267160847,2025-02-19 12:14:27+01:00,576,494,31,14,529,558,259;838;327;377;330;78;79;80;400;20;502;22;89;732;605;703,django
2684a383bc67149ceea93cb1b99c8492b4614dcd,2025-02-19 09:44:53+01:00,576,494,31,14,529,558,259;838;327;377;330;78;79;80;400;20;502;22;89;732;605;703,django
d764487e79469e9ad7174145aa98d8d558a4605c,2025-02-19 08:38:24+01:00,576,494,31,14,529,558,259;838;327;377;330;78;79;80;400;20;502;22;89;732;605;703,django
0bf412111be686b6b23e00863f5d449d63557dbf,2025-02-18 17:28:24+01:00,576,494,31,14,529,558,259;838;327;377;330;78;79;80;400;20;502;22;89;732;605;703,django
9d22a7d8f0e814a596ecbeb6efd051262f6a03e3,2025-02-18 16:09:53+01:00,576,494,31,14,529,558,259;838;327;377;330;78;79;80;400;20;502;22;89;732;605;703,django
c3a23aa02faa1cf1d32e43d66858e793cd9ecac4,2025-02-18 11:43:27+01:00,576,494,31,14,529,558,259;838;327;377;330;78;79;80;400;20;502;22;89;732;605;703,django
51398f8bd568a6324a8cafe20c068d0974913ad5,2025-02-18 10:34:14+01:00,576,494,31,14,529,558,259;838;327;377;330;78;79;80;400;20;502;22;89;732;605;703,django
91bebf1adb43561b54bac18e76224759dc70acb3,2025-02-18 10:34:14+01:00,576,494,31,14,529,558,259;838;327;377;330;78;79;80;400;20;502;22;89;732;605;703,django
727731d76d9dfd5304d536478d862778f6dd6d9b,2025-02-18 08:58:49+01:00,576,494,31,14,529,558,259;838;327;377;330;78;79;80;400;20;502;22;89;732;605;703,django
efb7f9ced2dcf71294353596a265e3fd67faffeb,2025-02-18 08:35:36+01:00,576,494,31,14,529,558,259;838;327;377;330;78;79;80;400;20;502;22;89;732;605;703,django
0d1dd6bba0c18b7feb6caa5cbd8df80fbac54afd,2025-02-17 14:01:00+01:00,576,494,31,14,529,558,259;838;327;377;330;78;79;80;400;20;502;22;89;732;605;703,django
2fa1f99ab49ae5b6bc0a15ed9398d6fa2996f02a,2025-02-17 11:04:10+01:00,576,494,31,14,529,558,259;838;327;377;330;78;79;80;400;20;502;22;89;732;605;703,django
c07ba43c4bc94272c3d4a13c8f468b94db1e655c,2025-02-16 19:32:36+01:00,576,494,31,14,529,558,259;838;327;377;330;78;79;80;400;20;502;22;89;732;605;703,django
2d34ebe49a25d0974392583d5bbd954baf742a32,2025-02-16 08:43:42+01:00,576,494,31,14,529,558,259;838;327;377;330;78;79;80;400;20;502;22;89;732;605;703,django
99ac8e2589ea978c1c80ff66b4536814121f77dd,2025-02-16 08:37:55+01:00,576,494,31,14,529,558,259;838;327;377;330;78;79;80;400;20;502;22;89;732;605;703,django
dc69a63f844b2ef3bc3371edde91644cf0bef0ee,2025-02-16 07:58:15+01:00,576,494,31,14,529,558,259;838;327;377;330;78;79;80;400;20;502;22;89;732;605;703,django
df2c4952df6d93c575fb8a3c853dc9d4c2449f36,2025-02-15 15:46:59+01:00,576,494,31,14,529,558,259;838;327;377;330;78;79;80;400;20;502;22;89;732;605;703,django
6fcd0440aaa7601aa258d1c956eecfaedf72fbf4,2025-02-14 15:22:41+01:00,576,494,31,14,529,558,259;838;327;377;330;78;79;80;400;20;502;22;89;732;605;703,django
579a1c99962c8697053974a70de635a997be63dc,2025-02-14 15:19:12+01:00,576,494,31,14,529,558,259;838;327;377;330;78;79;80;400;20;502;22;89;732;605;703,django
d87bb0eb3ee4ca141c6fa251e6c2c97050e6c92c,2025-02-14 15:15:27+01:00,576,494,31,14,529,558,259;838;327;377;330;78;79;80;400;20;502;22;89;732;605;703,django
14b46c1b848d846fad55c8634daeabd8787cf0d6,2025-02-13 22:35:16+01:00,576,494,31,14,529,558,259;838;327;377;330;78;79;80;400;20;502;22;89;732;605;703,django
56e23b2319cc29e6f8518f8f21f95a530dddb930,2025-02-13 16:01:13+01:00,576,494,31,14,529,558,259;838;327;377;330;78;79;80;400;20;502;22;89;732;605;703,django
05002c153c5018e4429a326a6699c7c45e5ea957,2025-02-13 15:49:25+01:00,576,494,31,14,529,558,259;838;327;377;330;78;79;80;400;20;502;22;89;732;605;703,django
0ee842bb456cb3854d5546106e1259db83714d34,2025-02-13 12:52:06+01:00,576,494,31,14,529,558,259;838;327;377;330;78;79;80;400;20;502;22;89;732;605;703,django
54a902c6e81214462388f79a7c42f1c88c863dfd,2025-02-13 10:38:04+01:00,576,494,31,14,529,558,259;838;327;377;330;78;79;80;400;20;502;22;89;732;605;703,django
eb70aafdba18ac30e53056162c32ee6c21dea0b4,2025-02-13 10:38:04+01:00,576,494,31,14,529,558,259;838;327;377;330;78;79;80;400;20;502;22;89;732;605;703,django
d386405e04dac50656af50d100a14efdf8c58e8f,2025-02-13 09:29:24+01:00,576,494,31,14,529,558,259;838;327;377;330;78;79;80;400;20;502;22;89;732;605;703,django
8561100425876bde3be4b2a22324655f74ff9609,2025-02-13 09:29:24+01:00,576,495,31,14,530,558,259;838;327;377;330;78;79;80;400;20;502;22;89;732;605;703,django
47c837a1ff96ef1b10b44477a7a9f72283d12e83,2025-02-11 18:38:58+01:00,576,495,31,14,530,558,259;838;327;377;330;78;79;80;400;20;502;22;89;732;605;703,django
41239fe34d64e801212dccaa4585e4802d0fac68,2025-02-11 09:08:35+01:00,576,495,31,14,530,558,259;838;327;377;330;78;79;80;400;20;502;22;89;732;605;703,django
0597e8ad1e55b565292ead732916aa0e39bdf37b,2025-02-10 22:58:26-03:00,576,495,31,14,530,558,259;838;327;377;330;78;79;80;400;20;502;22;89;732;605;703,django
44ccd20375ba0d4da869ef994bc10a2311e9dc88,2025-02-10 22:58:26-03:00,576,495,31,14,530,558,259;838;327;377;330;78;79;80;400;20;502;22;89;732;605;703,django
3839afb63ad5183cdf08e06e3a43a014ca4b7263,2025-02-10 22:58:26-03:00,576,495,31,14,530,558,259;838;327;377;330;78;79;80;400;20;502;22;89;732;605;703,django
ca0794fa32b64ee42e9dce6df967777cb6347483,2025-02-10 22:58:26-03:00,576,495,31,14,530,558,259;838;327;377;330;78;79;80;400;20;502;22;89;732;605;703,django
0dc61495b2217e9c5a872ac967dfcf197d342c84,2025-02-10 22:53:31-03:00,576,495,31,14,530,558,259;838;327;377;330;78;79;80;400;20;502;22;89;732;605;703,django
4a3ad9eebbc16ce80b348644b557c84ecc741be7,2025-02-09 17:45:16+01:00,576,495,31,14,530,558,259;838;327;377;330;78;79;80;400;20;502;22;89;732;605;703,django
a0a765ddeb5056c85e084773d3f6432e2a426638,2025-02-09 15:15:15+01:00,576,495,31,14,530,558,259;838;327;377;330;78;79;80;400;20;502;22;89;732;605;703,django
c326cfe3b1683e6c205f53a4ad11feba6623a399,2025-02-09 15:15:15+01:00,576,495,31,14,530,558,259;838;327;377;330;78;79;80;400;20;502;22;89;732;605;703,django
17160819f3d98a6355bfd608fe756a43cba33343,2025-02-09 12:57:40+01:00,576,495,31,14,530,558,259;838;327;377;330;78;79;80;400;20;502;22;89;732;605;703,django
0bac41fc7e4a842e8d20319cba31cc645501c245,2025-02-06 16:57:44+01:00,576,495,31,14,530,558,259;838;327;377;330;78;79;80;400;20;502;22;89;732;605;703,django
089deb82b9ac2d002af36fd36f288368cdac4b53,2025-02-06 16:57:44+01:00,576,495,31,14,530,558,259;838;327;377;330;78;79;80;400;20;502;22;89;732;605;703,django
b13b8684a04d0bc1081104c5973c62c27dc673b0,2025-02-06 15:26:12+01:00,576,495,31,14,530,558,259;838;327;377;330;78;79;80;400;20;502;22;89;732;605;703,django
2598b371a93e21d84b7a2a99b2329535c8c0c138,2025-02-06 14:27:51+01:00,576,495,31,14,530,558,259;838;327;377;330;78;79;80;400;20;502;22;89;732;605;703,django
db7b1ae9f6d9e26facbb3da4cf5f5a513704bfe5,2025-02-06 13:53:43+01:00,576,495,31,14,530,558,259;838;327;377;330;78;79;80;400;20;502;22;89;732;605;703,django
1f33f21fca60c3839bcfc756900fb78bcfd15cc3,2025-02-05 20:15:39-03:00,576,495,31,14,530,558,259;838;327;377;330;78;79;80;400;20;502;22;89;732;605;703,django
e2a8f4dac8ed2b3667a4367756043b1e119f4ce2,2025-02-05 11:21:09-03:00,576,495,31,14,530,558,259;838;327;377;330;78;79;80;400;20;502;22;89;732;605;703,django
294cc965efe0dfc8457aa5a8e78cb6d53abfcf92,2025-02-05 10:38:24-03:00,576,495,31,14,530,558,259;838;327;377;330;78;79;80;400;20;502;22;89;732;605;703,django
5da3ad7bf90fba7321f4c2834db44aa920c70bc7,2025-02-04 16:35:07-03:00,576,495,31,14,530,558,259;838;327;377;330;78;79;80;400;20;502;22;89;732;605;703,django
f609a2da868b2320ecdc0551df3cca360d5b5bc3,2025-02-04 08:54:01-03:00,576,495,31,14,530,558,259;838;327;377;330;78;79;80;400;20;502;22;89;732;605;703,django
1330cb570519170bb4397b4fb02c7e3e0657855a,2025-02-04 07:56:23+00:00,576,495,31,14,530,558,259;838;327;377;330;78;79;80;400;20;502;22;89;732;605;703,django
b1324a680add78de24c763911d0eefa19b9263bc,2025-02-04 07:47:26+00:00,576,493,31,14,530,556,259;838;327;377;330;78;79;80;400;20;502;22;89;732;605;703,django
8ff1399f0656b4ff8181fe7872e426c331d1b1ee,2025-02-04 07:40:02+00:00,576,492,31,14,530,555,259;838;327;377;330;78;79;80;400;20;502;22;89;732;605;703,django
5f30fd2358fd60a514bdba31594bfc8122f30167,2025-02-03 11:34:23+00:00,576,492,31,14,530,555,259;838;327;377;330;78;79;80;400;20;502;22;89;732;605;703,django
198b30168d4e94af42e0dc7967bd3259b5c5790b,2025-02-03 09:39:14+00:00,576,492,31,14,530,555,259;838;327;377;330;78;79;80;400;20;502;22;89;732;605;703,django
d15454a6e84a595ffc8dc1b926282f484f782a8f,2025-02-01 22:49:07-03:00,576,492,31,14,530,555,259;838;327;377;330;78;79;80;400;20;502;22;89;732;605;703,django
248d8457cbec631ef93d76137bc621106347adda,2025-02-01 22:27:38-03:00,576,491,31,14,530,554,259;838;327;377;330;78;79;80;400;20;502;22;89;732;605;703,django
4608d34b346c28d5d227363c881d3279378f40b3,2025-02-01 18:43:10+01:00,576,491,31,14,530,554,259;838;327;377;330;78;79;80;400;20;502;22;89;732;605;703,django
0d131c158234df544532830b7752fe43fcf4bb39,2025-02-01 08:53:14+01:00,576,491,31,14,530,554,259;838;327;377;330;78;79;80;400;20;502;22;89;732;605;703,django
89e28e13ecbf9fbcf235e16d453c08bbf2271244,2025-01-31 11:54:12+00:00,576,491,31,14,530,554,259;838;327;377;330;78;79;80;400;20;502;22;89;732;605;703,django
fd3cfd80bebad292d639a03e58632e494369eb92,2025-01-30 10:37:14-03:00,576,491,31,14,530,554,259;838;327;377;330;78;79;80;400;20;502;22;89;732;605;703,django
cbb0812683cf3236e4a4003bf7f74b119d3cde0c,2025-01-30 12:48:45+00:00,576,491,31,14,530,554,259;838;327;377;330;78;79;80;400;20;502;22;89;732;605;703,django
12b9ef38b3ff7f5b8b24a5f42e8923fdb6db44bb,2025-01-30 11:19:05+00:00,576,491,31,14,530,554,259;838;327;377;330;78;79;80;400;20;502;22;89;732;605;703,django
c6ace896a2da73356f7c9a655bbe32a0e3ce0435,2025-01-30 11:17:17+00:00,576,491,31,14,530,554,259;838;327;377;330;78;79;80;400;20;502;22;89;732;605;703,django
b84478ae953d049a1da42c3d0ef3ab3a9467b649,2025-01-30 11:15:05+00:00,576,491,31,14,530,554,259;838;327;377;330;78;79;80;400;20;502;22;89;732;605;703,django
5a2c1bc07d126ce32efaa157e712a8f3a7457b74,2025-01-29 09:11:54+00:00,576,491,31,14,530,554,259;838;327;377;330;78;79;80;400;20;502;22;89;732;605;703,django
0671a461c44ba4cf97e84b6c88413bed332df314,2025-01-28 22:17:40-03:00,576,491,31,14,530,554,259;838;327;377;330;78;79;80;400;20;502;22;89;732;605;703,django
8a6b4175d790424312965ec77e4e9b072fba188b,2025-01-28 17:18:08+00:00,576,491,31,14,530,554,259;838;327;377;330;78;79;80;400;20;502;22;89;732;605;703,django
efec74b90868c2e611f863bf4301d92ce08067e8,2025-01-28 12:05:53+00:00,576,491,31,14,530,554,259;838;327;377;330;78;79;80;400;20;502;22;89;732;605;703,django
0ba35a49481c9fec4731ca0dd2230d8d48f51389,2025-01-28 10:32:58+00:00,576,491,31,14,530,554,259;838;327;377;330;78;79;80;400;20;502;22;89;732;605;703,django
72ff18d41cfb004ae180bdf87fd8bad93041c691,2025-01-28 10:19:43+00:00,576,491,31,14,530,554,259;838;327;377;330;78;79;80;400;20;502;22;89;732;605;703,django
d9af197801376fae178761cac12d57178a738cf4,2025-01-28 08:02:13+01:00,576,491,31,14,530,554,259;838;327;377;330;78;79;80;400;20;502;22;89;732;605;703,django
8eca4077f60fa0705ecfd9437c9ceaeef7a3808b,2025-01-27 10:32:19+01:00,576,491,31,14,530,554,259;838;327;377;330;78;79;80;400;20;502;22;89;732;605;703,django
9a71eca64bd3a357ef4846d81668d690089779c7,2025-01-27 09:23:56+01:00,576,491,31,14,530,554,259;838;327;377;330;78;79;80;400;20;502;22;89;732;605;703,django
330d89d4fe7832355535580383523f1749a3ee45,2025-01-25 18:06:11+01:00,576,491,31,14,530,554,259;838;327;377;330;78;79;80;400;20;502;22;89;732;605;703,django
9cc3970eaaf603832c075618e61aea9ea430f719,2025-01-24 18:45:31+01:00,576,491,31,14,530,554,259;838;327;377;330;78;79;80;400;20;502;22;89;732;605;703,django
352d860b9107adbcde0f1fe5d0fce8e9090a51e4,2025-01-23 12:43:04-03:00,576,491,31,14,530,554,259;838;327;377;330;78;79;80;400;20;502;22;89;732;605;703,django
f133285a9a7f3647fd55abc2e57b8a9a2c11ac94,2025-01-23 11:28:04-03:00,576,491,31,14,530,554,259;838;327;377;330;78;79;80;400;20;502;22;89;732;605;703,django
2c47207b3c8412d16e61e388f176b47b41b40794,2025-01-23 11:36:43+01:00,576,491,31,14,530,554,259;838;327;377;330;78;79;80;400;20;502;22;89;732;605;703,django
29ba75e6e57414f0e6f9528d08a520b8b931fb28,2025-01-23 10:38:15+01:00,576,491,31,14,530,554,259;838;327;377;330;78;79;80;400;20;502;22;89;732;605;703,django
23c960a98e0d054d51dadda7049a54a083ef1155,2025-01-23 09:33:13+01:00,576,491,31,14,530,554,259;838;327;377;330;78;79;80;400;20;502;22;89;732;605;703,django
9a1f18635ff034b039c24ed5121cced028fc27d0,2025-01-22 18:22:50-03:00,576,491,31,14,530,554,259;838;327;377;330;78;79;80;400;20;502;22;89;732;605;703,django
e262d5355d82901f81fba6c7015643c2b87125bf,2025-01-22 14:56:44+01:00,576,491,31,14,530,554,259;838;327;377;330;78;79;80;400;20;502;22;89;732;605;703,django
1b6ec1f944844f868cfac82f7d6f38d57c898900,2025-01-22 08:43:18-03:00,576,491,31,14,530,554,259;838;327;377;330;78;79;80;400;20;502;22;89;732;605;703,django
64b1ac7292c72d3551b2ad70b2a78c8fe4af3249,2025-01-22 10:56:30+01:00,576,491,31,14,530,554,259;838;327;377;330;78;79;80;400;20;502;22;89;732;605;703,django
322785b08cf21f2b7a627caf459e73e6170dd602,2025-01-22 10:56:30+01:00,576,491,31,14,530,554,259;838;327;377;330;78;79;80;400;20;502;22;89;732;605;703,django
00c690efbc0b10f67924687f24a7b30397bf47d9,2025-01-22 08:56:18+01:00,576,491,31,14,530,554,259;838;327;377;330;78;79;80;400;20;502;22;89;732;605;703,django
a76035e925ff4e6d8676c65cb135c74b993b1039,2025-01-22 08:56:18+01:00,576,491,31,14,530,554,259;838;327;377;330;78;79;80;400;20;502;22;89;732;605;703,django
136a1e89278070fd100f27d9519529be8a8a8c10,2025-01-21 19:34:23-03:00,576,491,31,14,530,554,259;838;327;377;330;78;79;80;400;20;502;22;89;732;605;703,django
862b7f98a02b7973848db578ff6d24ec8500fdb4,2025-01-21 14:15:27-03:00,576,491,31,14,530,554,259;838;327;377;330;78;79;80;400;20;502;22;89;732;605;703,django
